{"quizlist":[
  
	{
	"question":"worded",
	"option1":"do drew",
	"option2":"drew od",
	"option3":"ed word"
	},
	{
	"question":"Scared",
	"option1":"sacred",
	"option2":"cadres",
	"option3":"cedars"
	},
	{
	"question":"Moron",
	"option1":"no ROM",
	"option2":"moo RN",
	"option3":"monro"
	},
	{
	"question":"Excellent",
	"option1":"Celle next",
	"option2":"encl telex",
	"option3":"excel lent"
},
{
"question":"idiots",
	"option1":"do is it",
	"option2":"Dosi it",
	"option3":"Doti Is"
},
{
"question":"America",
	"option1":"AI cream",
	"option2":"AI macer",
	"option3":"Aime arc"
}



]
}